mu_r,CV_r,s,alpha,phi,strategy
300.0,0.166667,0.8,0.285714,0.005455,0
200.0,0.333333,1.1,0.571429,0.009909,0
400.0,0.055556,1.4,0.857143,0.014364,0
150.0,0.222222,1.7,1.142857,0.018818,1
350.0,0.388889,0.56,1.428571,0.023273,1
250.0,0.111111,0.86,1.714286,0.027727,1
450.0,0.277778,1.16,0.040816,0.032182,2
125.0,0.444444,1.46,0.326531,0.036636,2
325.0,0.018519,1.76,0.612245,0.041091,2
225.0,0.185185,0.62,0.897959,0.045545,3
425.0,0.351852,0.92,1.183673,0.001405,3
175.0,0.074074,1.22,1.469388,0.00586,3
375.0,0.240741,1.52,1.755102,0.010314,0
275.0,0.407407,1.82,0.081633,0.014769,0
475.0,0.12963,0.68,0.367347,0.019223,0
112.5,0.296296,0.98,0.653061,0.023678,0
312.5,0.462963,1.28,0.938776,0.028132,1
212.5,0.037037,1.58,1.22449,0.032587,1
412.5,0.203704,1.88,1.510204,0.037041,1
162.5,0.37037,0.74,1.795918,0.041496,2
362.5,0.092593,1.04,0.122449,0.04595,2
262.5,0.259259,1.34,0.408163,0.00181,2
462.5,0.425926,1.64,0.693878,0.006264,3
137.5,0.148148,1.94,0.979592,0.010719,3
337.5,0.314815,0.512,1.265306,0.015174,3
237.5,0.481481,0.812,1.55102,0.019628,0
437.5,0.006173,1.112,1.836735,0.024083,0
187.5,0.17284,1.412,0.163265,0.028537,0
387.5,0.339506,1.712,0.44898,0.032992,0
287.5,0.061728,0.572,0.734694,0.037446,1
487.5,0.228395,0.872,1.020408,0.041901,1
106.25,0.395062,1.172,1.306122,0.046355,1
306.25,0.117284,1.472,1.591837,0.002215,2
206.25,0.283951,1.772,1.877551,0.006669,2
406.25,0.450617,0.632,0.204082,0.011124,2
156.25,0.024691,0.932,0.489796,0.015579,3
356.25,0.191358,1.232,0.77551,0.020033,3
256.25,0.358025,1.532,1.061224,0.024488,3
456.25,0.080247,1.832,1.346939,0.028942,0
131.25,0.246914,0.692,1.632653,0.033397,0
331.25,0.41358,0.992,1.918367,0.037851,0
231.25,0.135802,1.292,0.244898,0.042306,0
431.25,0.302469,1.592,0.530612,0.04676,1
181.25,0.469136,1.892,0.816327,0.00262,1
381.25,0.04321,0.752,1.102041,0.007074,1
281.25,0.209877,1.052,1.387755,0.011529,2
481.25,0.376543,1.352,1.673469,0.015983,2
118.75,0.098765,1.652,1.959184,0.020438,2
318.75,0.265432,1.952,0.005831,0.024893,3
218.75,0.432099,0.524,0.291545,0.029347,3
418.75,0.154321,0.824,0.577259,0.033802,3
168.75,0.320988,1.124,0.862974,0.038256,0
368.75,0.487654,1.424,1.148688,0.042711,0
268.75,0.012346,1.724,1.434402,0.047165,0
468.75,0.179012,0.584,1.720117,0.003025,1
143.75,0.345679,0.884,0.046647,0.007479,1
343.75,0.067901,1.184,0.332362,0.011934,1
243.75,0.234568,1.484,0.618076,0.016388,1
443.75,0.401235,1.784,0.90379,0.020843,2
193.75,0.123457,0.644,1.189504,0.025298,2
393.75,0.290123,0.944,1.475219,0.029752,2
293.75,0.45679,1.244,1.760933,0.034207,3
493.75,0.030864,1.544,0.087464,0.038661,3
103.125,0.197531,1.844,0.373178,0.043116,3
303.125,0.364198,0.704,0.658892,0.04757,0
203.125,0.08642,1.004,0.944606,0.00343,0
403.125,0.253086,1.304,1.230321,0.007884,0
153.125,0.419753,1.604,1.516035,0.012339,1
353.125,0.141975,1.904,1.801749,0.016793,1
253.125,0.308642,0.764,0.12828,0.021248,1
453.125,0.475309,1.064,0.413994,0.025702,1
128.125,0.049383,1.364,0.699708,0.030157,2
328.125,0.216049,1.664,0.985423,0.034612,2
228.125,0.382716,1.964,1.271137,0.039066,2
428.125,0.104938,0.536,1.556851,0.043521,3
178.125,0.271605,0.836,1.842566,0.047975,3
378.125,0.438272,1.136,0.169096,0.003835,3
278.125,0.160494,1.436,0.45481,0.008289,0
478.125,0.32716,1.736,0.740525,0.012744,0
115.625,0.493827,0.596,1.026239,0.017198,0
315.625,0.002058,0.896,1.311953,0.021653,1
215.625,0.168724,1.196,1.597668,0.026107,1
415.625,0.335391,1.496,1.883382,0.030562,1
165.625,0.057613,1.796,0.209913,0.035017,1
365.625,0.22428,0.656,0.495627,0.039471,2
265.625,0.390947,0.956,0.781341,0.043926,2
465.625,0.113169,1.256,1.067055,0.04838,2
140.625,0.279835,1.556,1.35277,0.00424,3
340.625,0.446502,1.856,1.638484,0.008694,3
240.625,0.020576,0.716,1.924198,0.013149,3
440.625,0.187243,1.016,0.250729,0.017603,0
190.625,0.353909,1.316,0.536443,0.022058,0
390.625,0.076132,1.616,0.822157,0.026512,0
290.625,0.242798,1.916,1.107872,0.030967,1
490.625,0.409465,0.776,1.393586,0.035421,1
109.375,0.131687,1.076,1.6793,0.039876,1
309.375,0.298354,1.376,1.965015,0.044331,2
209.375,0.465021,1.676,0.011662,0.048785,2
409.375,0.039095,1.976,0.297376,0.004645,2
159.375,0.205761,0.548,0.58309,0.009099,2
359.375,0.372428,0.848,0.868805,0.013554,3
259.375,0.09465,1.148,1.154519,0.018008,3
459.375,0.261317,1.448,1.440233,0.022463,3
134.375,0.427984,1.748,1.725948,0.026917,0
334.375,0.150206,0.608,0.052478,0.031372,0
234.375,0.316872,0.908,0.338192,0.035826,0
434.375,0.483539,1.208,0.623907,0.040281,1
184.375,0.00823,1.508,0.909621,0.044736,1
384.375,0.174897,1.808,1.195335,0.04919,1
284.375,0.341564,0.668,1.48105,0.00505,2
484.375,0.063786,0.968,1.766764,0.009504,2
121.875,0.230453,1.268,0.093294,0.013959,2
321.875,0.397119,1.568,0.379009,0.018413,2
221.875,0.119342,1.868,0.664723,0.022868,3
421.875,0.286008,0.728,0.950437,0.027322,3
171.875,0.452675,1.028,1.236152,0.031777,3
371.875,0.026749,1.328,1.521866,0.036231,0
271.875,0.193416,1.628,1.80758,0.040686,0
471.875,0.360082,1.928,0.134111,0.04514,0
146.875,0.082305,0.788,0.419825,0.049595,1
346.875,0.248971,1.088,0.705539,0.001037,1
246.875,0.415638,1.388,0.991254,0.005491,1
446.875,0.13786,1.688,1.276968,0.009946,2
196.875,0.304527,1.988,1.562682,0.0144,2
396.875,0.471193,0.5024,1.848397,0.018855,2
296.875,0.045267,0.8024,0.174927,0.02331,2
496.875,0.211934,1.1024,0.460641,0.027764,3
101.5625,0.378601,1.4024,0.746356,0.032219,3
301.5625,0.100823,1.7024,1.03207,0.036673,3
201.5625,0.26749,0.5624,1.317784,0.041128,0
401.5625,0.434156,0.8624,1.603499,0.045582,0
151.5625,0.156379,1.1624,1.889213,0.001442,0
351.5625,0.323045,1.4624,0.215743,0.005896,1
251.5625,0.489712,1.7624,0.501458,0.010351,1
451.5625,0.014403,0.6224,0.787172,0.014805,1
126.5625,0.18107,0.9224,1.072886,0.01926,2
326.5625,0.347737,1.2224,1.358601,0.023715,2
226.5625,0.069959,1.5224,1.644315,0.028169,2
426.5625,0.236626,1.8224,1.930029,0.032624,3
176.5625,0.403292,0.6824,0.25656,0.037078,3
376.5625,0.125514,0.9824,0.542274,0.041533,3
276.5625,0.292181,1.2824,0.827988,0.045987,3
476.5625,0.458848,1.5824,1.113703,0.001847,0
114.0625,0.032922,1.8824,1.399417,0.006301,0
314.0625,0.199588,0.7424,1.685131,0.010756,0
214.0625,0.366255,1.0424,1.970845,0.01521,1
414.0625,0.088477,1.3424,0.017493,0.019665,1
164.0625,0.255144,1.6424,0.303207,0.024119,1
364.0625,0.421811,1.9424,0.588921,0.028574,2
264.0625,0.144033,0.5144,0.874636,0.033029,2
464.0625,0.3107,0.8144,1.16035,0.037483,2
139.0625,0.477366,1.1144,1.446064,0.041938,3
339.0625,0.05144,1.4144,1.731778,0.046392,3
239.0625,0.218107,1.7144,0.058309,0.002252,3
439.0625,0.384774,0.5744,0.344023,0.006706,3
189.0625,0.106996,0.8744,0.629738,0.011161,0
389.0625,0.273663,1.1744,0.915452,0.015615,0
289.0625,0.440329,1.4744,1.201166,0.02007,0
489.0625,0.162551,1.7744,1.48688,0.024524,1
107.8125,0.329218,0.6344,1.772595,0.028979,1
307.8125,0.495885,0.9344,0.099125,0.033434,1
207.8125,0.004115,1.2344,0.38484,0.037888,2
407.8125,0.170782,1.5344,0.670554,0.042343,2
157.8125,0.337449,1.8344,0.956268,0.046797,2
357.8125,0.059671,0.6944,1.241983,0.002657,3
257.8125,0.226337,0.9944,1.527697,0.007111,3
457.8125,0.393004,1.2944,1.813411,0.011566,3
132.8125,0.115226,1.5944,0.139942,0.01602,3
332.8125,0.281893,1.8944,0.425656,0.020475,0
232.8125,0.44856,0.7544,0.71137,0.024929,0
432.8125,0.022634,1.0544,0.997085,0.029384,0
182.8125,0.1893,1.3544,1.282799,0.033838,0
382.8125,0.355967,1.6544,1.568513,0.038293,1
282.8125,0.078189,1.9544,1.854227,0.042748,1
482.8125,0.244856,0.5264,0.180758,0.047202,1
120.3125,0.411523,0.8264,0.466472,0.003062,2
320.3125,0.133745,1.1264,0.752187,0.007516,2
220.3125,0.300412,1.4264,1.037901,0.011971,2
420.3125,0.467078,1.7264,1.323615,0.016425,3
170.3125,0.041152,0.5864,1.609329,0.02088,3
370.3125,0.207819,0.8864,1.895044,0.025334,3
270.3125,0.374486,1.1864,0.221574,0.029789,0
470.3125,0.096708,1.4864,0.507289,0.034243,0
145.3125,0.263374,1.7864,0.793003,0.038698,0
345.3125,0.430041,0.6464,1.078717,0.043153,0
245.3125,0.152263,0.9464,1.364431,0.047607,1
445.3125,0.31893,1.2464,1.650146,0.003467,1
195.3125,0.485597,1.5464,1.93586,0.007921,1
395.3125,0.010288,1.8464,0.262391,0.012376,2
295.3125,0.176955,0.7064,0.548105,0.01683,2
495.3125,0.343621,1.0064,0.833819,0.021285,2
104.6875,0.065844,1.3064,1.119534,0.025739,3
304.6875,0.23251,1.6064,1.405248,0.030194,3
204.6875,0.399177,1.9064,1.690962,0.034648,3
404.6875,0.121399,0.7664,1.976676,0.039103,0
154.6875,0.288066,1.0664,0.023324,0.043557,0
354.6875,0.454733,1.3664,0.309038,0.048012,0
254.6875,0.028807,1.6664,0.594752,0.003872,0
454.6875,0.195473,1.9664,0.880466,0.008326,1
129.6875,0.36214,0.5384,1.166181,0.012781,1
329.6875,0.084362,0.8384,1.451895,0.017235,1
229.6875,0.251029,1.1384,1.737609,0.02169,2
429.6875,0.417695,1.4384,0.06414,0.026144,2
179.6875,0.139918,1.7384,0.349854,0.030599,2
379.6875,0.306584,0.5984,0.635569,0.035053,3
279.6875,0.473251,0.8984,0.921283,0.039508,3
479.6875,0.047325,1.1984,1.206997,0.043962,3
117.1875,0.213992,1.4984,1.492711,0.048417,0
317.1875,0.380658,1.7984,1.778426,0.004276,0
217.1875,0.102881,0.6584,0.104956,0.008731,0
417.1875,0.269547,0.9584,0.390671,0.013186,0
167.1875,0.436214,1.2584,0.676385,0.01764,1
367.1875,0.158436,1.5584,0.962099,0.022095,1
267.1875,0.325103,1.8584,1.247813,0.026549,1
467.1875,0.49177,0.7184,1.533528,0.031004,2
142.1875,0.016461,1.0184,1.819242,0.035458,2
342.1875,0.183128,1.3184,0.145773,0.039913,2
242.1875,0.349794,1.6184,0.431487,0.044367,3
442.1875,0.072016,1.9184,0.717201,0.048822,3
192.1875,0.238683,0.7784,1.002915,0.004681,3
392.1875,0.40535,1.0784,1.28863,0.009136,0
292.1875,0.127572,1.3784,1.574344,0.013591,0
492.1875,0.294239,1.6784,1.860058,0.018045,0
110.9375,0.460905,1.9784,0.186589,0.0225,1
310.9375,0.034979,0.5504,0.472303,0.026954,1
210.9375,0.201646,0.8504,0.758017,0.031409,1
410.9375,0.368313,1.1504,1.043732,0.035863,1
160.9375,0.090535,1.4504,1.329446,0.040318,2
360.9375,0.257202,1.7504,1.61516,0.044772,2
260.9375,0.423868,0.6104,1.900875,0.049227,2
460.9375,0.146091,0.9104,0.227405,0.005086,3
135.9375,0.312757,1.2104,0.51312,0.009541,3
335.9375,0.479424,1.5104,0.798834,0.013995,3
235.9375,0.053498,1.8104,1.084548,0.01845,0
435.9375,0.220165,0.6704,1.370262,0.022905,0
185.9375,0.386831,0.9704,1.655977,0.027359,0
385.9375,0.109053,1.2704,1.941691,0.031814,1
285.9375,0.27572,1.5704,0.268222,0.036268,1
485.9375,0.442387,1.8704,0.553936,0.040723,1
123.4375,0.164609,0.7304,0.83965,0.045177,1
323.4375,0.331276,1.0304,1.125364,0.049632,2
223.4375,0.497942,1.3304,1.411079,0.001074,2
423.4375,0.000686,1.6304,1.696793,0.005528,2
173.4375,0.167353,1.9304,1.982507,0.009983,3
373.4375,0.334019,0.7904,0.029155,0.014437,3
273.4375,0.056241,1.0904,0.314869,0.018892,3
473.4375,0.222908,1.3904,0.600583,0.023346,0
148.4375,0.389575,1.6904,0.886297,0.027801,0
348.4375,0.111797,1.9904,1.172012,0.032255,0
248.4375,0.278464,0.5048,1.457726,0.03671,1
448.4375,0.44513,0.8048,1.74344,0.041165,1
198.4375,0.019204,1.1048,0.069971,0.045619,1
398.4375,0.185871,1.4048,0.355685,0.001479,1
298.4375,0.352538,1.7048,0.641399,0.005933,2
498.4375,0.07476,0.5648,0.927114,0.010388,2
100.78125,0.241427,0.8648,1.212828,0.014842,2
300.78125,0.408093,1.1648,1.498542,0.019297,3
200.78125,0.130316,1.4648,1.784257,0.023751,3
400.78125,0.296982,1.7648,0.110787,0.028206,3
150.78125,0.463649,0.6248,0.396501,0.03266,0
350.78125,0.037723,0.9248,0.682216,0.037115,0
250.78125,0.20439,1.2248,0.96793,0.041569,0
450.78125,0.371056,1.5248,1.253644,0.046024,1
125.78125,0.093278,1.8248,1.539359,0.001884,1
325.78125,0.259945,0.6848,1.825073,0.006338,1
225.78125,0.426612,0.9848,0.151603,0.010793,2
425.78125,0.148834,1.2848,0.437318,0.015247,2
175.78125,0.315501,1.5848,0.723032,0.019702,2
375.78125,0.482167,1.8848,1.008746,0.024156,2
275.78125,0.006859,0.7448,1.294461,0.028611,3
475.78125,0.173525,1.0448,1.580175,0.033065,3
113.28125,0.340192,1.3448,1.865889,0.03752,3
313.28125,0.062414,1.6448,0.19242,0.041974,0
213.28125,0.229081,1.9448,0.478134,0.046429,0
413.28125,0.395748,0.5168,0.763848,0.002289,0
163.28125,0.11797,0.8168,1.049563,0.006743,1
363.28125,0.284636,1.1168,1.335277,0.011198,1
263.28125,0.451303,1.4168,1.620991,0.015652,1
463.28125,0.025377,1.7168,1.906706,0.020107,2
138.28125,0.192044,0.5768,0.233236,0.024561,2
338.28125,0.358711,0.8768,0.51895,0.029016,2
238.28125,0.080933,1.1768,0.804665,0.03347,2
438.28125,0.247599,1.4768,1.090379,0.037925,3
188.28125,0.414266,1.7768,1.376093,0.042379,3
388.28125,0.136488,0.6368,1.661808,0.046834,3
288.28125,0.303155,0.9368,1.947522,0.002693,0
488.28125,0.469822,1.2368,0.274052,0.007148,0
107.03125,0.043896,1.5368,0.559767,0.011603,0
307.03125,0.210562,1.8368,0.845481,0.016057,1
207.03125,0.377229,0.6968,1.131195,0.020512,1
407.03125,0.099451,0.9968,1.41691,0.024966,1
157.03125,0.266118,1.2968,1.702624,0.029421,2
357.03125,0.432785,1.5968,1.988338,0.033875,2
257.03125,0.155007,1.8968,0.034985,0.03833,2
457.03125,0.321674,0.7568,0.3207,0.042784,2
132.03125,0.48834,1.0568,0.606414,0.047239,3
332.03125,0.013032,1.3568,0.892128,0.003098,3
232.03125,0.179698,1.6568,1.177843,0.007553,3
432.03125,0.346365,1.9568,1.463557,0.012008,0
182.03125,0.068587,0.5288,1.749271,0.016462,0
382.03125,0.235254,0.8288,0.075802,0.020917,0
282.03125,0.40192,1.1288,0.361516,0.025371,1
482.03125,0.124143,1.4288,0.64723,0.029826,1
119.53125,0.290809,1.7288,0.932945,0.03428,1
319.53125,0.457476,0.5888,1.218659,0.038735,2
219.53125,0.03155,0.8888,1.504373,0.043189,2
419.53125,0.198217,1.1888,1.790087,0.047644,2
169.53125,0.364883,1.4888,0.116618,0.003503,3
369.53125,0.087106,1.7888,0.402332,0.007958,3
269.53125,0.253772,0.6488,0.688047,0.012412,3
469.53125,0.420439,0.9488,0.973761,0.016867,3
144.53125,0.142661,1.2488,1.259475,0.021322,0
344.53125,0.309328,1.5488,1.54519,0.025776,0
244.53125,0.475995,1.8488,1.830904,0.030231,0
444.53125,0.050069,0.7088,0.157434,0.034685,1
194.53125,0.216735,1.0088,0.443149,0.03914,1
394.53125,0.383402,1.3088,0.728863,0.043594,1
294.53125,0.105624,1.6088,1.014577,0.048049,2
494.53125,0.272291,1.9088,1.300292,0.003908,2
103.90625,0.438957,0.7688,1.586006,0.008363,2
303.90625,0.16118,1.0688,1.87172,0.012817,3
203.90625,0.327846,1.3688,0.198251,0.017272,3
403.90625,0.494513,1.6688,0.483965,0.021727,3
153.90625,0.002743,1.9688,0.769679,0.026181,3
353.90625,0.16941,0.5408,1.055394,0.030636,0
253.90625,0.336077,0.8408,1.341108,0.03509,0
453.90625,0.058299,1.1408,1.626822,0.039545,0
128.90625,0.224966,1.4408,1.912536,0.043999,1
328.90625,0.391632,1.7408,0.239067,0.048454,1
228.90625,0.113855,0.6008,0.524781,0.004313,1
428.90625,0.280521,0.9008,0.810496,0.008768,2
178.90625,0.447188,1.2008,1.09621,0.013222,2
378.90625,0.021262,1.5008,1.381924,0.017677,2
278.90625,0.187929,1.8008,1.667638,0.022131,3
478.90625,0.354595,0.6608,1.953353,0.026586,3
116.40625,0.076818,0.9608,0.279883,0.031041,3
316.40625,0.243484,1.2608,0.565598,0.035495,3
216.40625,0.410151,1.5608,0.851312,0.03995,0
416.40625,0.132373,1.8608,1.137026,0.044404,0
166.40625,0.29904,0.7208,1.422741,0.048859,0
366.40625,0.465706,1.0208,1.708455,0.004718,0
266.40625,0.039781,1.3208,1.994169,0.009173,1
466.40625,0.206447,1.6208,0.000833,0.013627,1
141.40625,0.373114,1.9208,0.286547,0.018082,1
341.40625,0.095336,0.7808,0.572262,0.022536,2
241.40625,0.262003,1.0808,0.857976,0.026991,2
441.40625,0.428669,1.3808,1.14369,0.031446,2
191.40625,0.150892,1.6808,1.429404,0.0359,3
391.40625,0.317558,1.9808,1.715119,0.040355,3
291.40625,0.484225,0.5528,0.041649,0.044809,3
491.40625,0.008916,0.8528,0.327364,0.049264,0
110.15625,0.175583,1.1528,0.613078,0.005123,0
310.15625,0.34225,1.4528,0.898792,0.009578,0
210.15625,0.064472,1.7528,1.184506,0.014032,0
410.15625,0.231139,0.6128,1.470221,0.018487,1
160.15625,0.397805,0.9128,1.755935,0.022941,1
360.15625,0.120027,1.2128,0.082466,0.027396,1
260.15625,0.286694,1.5128,0.36818,0.03185,2
460.15625,0.453361,1.8128,0.653894,0.036305,2
135.15625,0.027435,0.6728,0.939608,0.04076,2
335.15625,0.194102,0.9728,1.225323,0.045214,3
235.15625,0.360768,1.2728,1.511037,0.049669,3
435.15625,0.08299,1.5728,1.796751,0.00111,3
185.15625,0.249657,1.8728,0.123282,0.005565,0
385.15625,0.416324,0.7328,0.408996,0.01002,0
285.15625,0.138546,1.0328,0.694711,0.014474,0
485.15625,0.305213,1.3328,0.980425,0.018929,0
122.65625,0.471879,1.6328,1.266139,0.023383,1
322.65625,0.045953,1.9328,1.551853,0.027838,1
222.65625,0.21262,0.7928,1.837568,0.032292,1
422.65625,0.379287,1.0928,0.164098,0.036747,2
172.65625,0.101509,1.3928,0.449813,0.041201,2
372.65625,0.268176,1.6928,0.735527,0.045656,2
272.65625,0.434842,1.9928,1.021241,0.001515,3
472.65625,0.157064,0.5072,1.306955,0.00597,3
147.65625,0.323731,0.8072,1.59267,0.010424,3
347.65625,0.490398,1.1072,1.878384,0.014879,0
247.65625,0.015089,1.4072,0.204915,0.019334,0
447.65625,0.181756,1.7072,0.490629,0.023788,0
197.65625,0.348422,0.5672,0.776343,0.028243,0
397.65625,0.070645,0.8672,1.062057,0.032697,1
297.65625,0.237311,1.1672,1.347772,0.037152,1
497.65625,0.403978,1.4672,1.633486,0.041606,1
102.34375,0.1262,1.7672,1.9192,0.046061,2
302.34375,0.292867,0.6272,0.245731,0.00192,2
202.34375,0.459534,0.9272,0.531445,0.006375,2
402.34375,0.033608,1.2272,0.81716,0.010829,3
152.34375,0.200274,1.5272,1.102874,0.015284,3
352.34375,0.366941,1.8272,1.388588,0.019739,3
252.34375,0.089163,0.6872,1.674302,0.024193,0
452.34375,0.25583,0.9872,1.960017,0.028648,0
127.34375,0.422497,1.2872,0.006664,0.033102,0
327.34375,0.144719,1.5872,0.292378,0.037557,1
227.34375,0.311385,1.8872,0.578092,0.042011,1
427.34375,0.478052,0.7472,0.863807,0.046466,1
177.34375,0.052126,1.0472,1.149521,0.002325,1
377.34375,0.218793,1.3472,1.435235,0.00678,2
277.34375,0.38546,1.6472,1.72095,0.011234,2
477.34375,0.107682,1.9472,0.04748,0.015689,2
114.84375,0.274348,0.5192,0.333195,0.020144,3
314.84375,0.441015,0.8192,0.618909,0.024598,3
214.84375,0.163237,1.1192,0.904623,0.029053,3
414.84375,0.329904,1.4192,1.190337,0.033507,0
164.84375,0.496571,1.7192,1.476052,0.037962,0
364.84375,0.004801,0.5792,1.761766,0.042416,0
264.84375,0.171468,0.8792,0.088297,0.046871,1
464.84375,0.338134,1.1792,0.374011,0.00273,1
139.84375,0.060357,1.4792,0.659725,0.007185,1
339.84375,0.227023,1.7792,0.945439,0.011639,1
239.84375,0.39369,0.6392,1.231154,0.016094,2
439.84375,0.115912,0.9392,1.516868,0.020548,2
189.84375,0.282579,1.2392,1.802582,0.025003,2
389.84375,0.449246,1.5392,0.129113,0.029458,3
289.84375,0.02332,1.8392,0.414827,0.033912,3
489.84375,0.189986,0.6992,0.700541,0.038367,3
108.59375,0.356653,0.9992,0.986256,0.042821,0
308.59375,0.078875,1.2992,1.27197,0.047276,0
208.59375,0.245542,1.5992,1.557684,0.003135,0
408.59375,0.412209,1.8992,1.843399,0.00759,1
158.59375,0.134431,0.7592,0.169929,0.012044,1
358.59375,0.301097,1.0592,0.455643,0.016499,1
258.59375,0.467764,1.3592,0.741358,0.020953,1
458.59375,0.041838,1.6592,1.027072,0.025408,2
133.59375,0.208505,1.9592,1.312786,0.029863,2
333.59375,0.375171,0.5312,1.598501,0.034317,2
233.59375,0.097394,0.8312,1.884215,0.038772,3
433.59375,0.26406,1.1312,0.210746,0.043226,3
183.59375,0.430727,1.4312,0.49646,0.047681,3
383.59375,0.152949,1.7312,0.782174,0.00354,0
283.59375,0.319616,0.5912,1.067888,0.007995,0
483.59375,0.486283,0.8912,1.353603,0.012449,0
121.09375,0.010974,1.1912,1.639317,0.016904,1
321.09375,0.177641,1.4912,1.925031,0.021358,1
221.09375,0.344307,1.7912,0.251562,0.025813,1
421.09375,0.066529,0.6512,0.537276,0.030267,2
171.09375,0.233196,0.9512,0.82299,0.034722,2
371.09375,0.399863,1.2512,1.108705,0.039177,2
271.09375,0.122085,1.5512,1.394419,0.043631,2
471.09375,0.288752,1.8512,1.680133,0.048086,3
146.09375,0.455418,0.7112,1.965848,0.003945,3
346.09375,0.029492,1.0112,0.012495,0.0084,3
246.09375,0.196159,1.3112,0.298209,0.012854,0
446.09375,0.362826,1.6112,0.583923,0.017309,0
196.09375,0.085048,1.9112,0.869638,0.021763,0
396.09375,0.251715,0.7712,1.155352,0.026218,1
296.09375,0.418381,1.0712,1.441066,0.030672,1
496.09375,0.140604,1.3712,1.726781,0.035127,1
105.46875,0.30727,1.6712,0.053311,0.039582,2
305.46875,0.473937,1.9712,0.339025,0.044036,2
205.46875,0.048011,0.5432,0.62474,0.048491,2
405.46875,0.214678,0.8432,0.910454,0.00435,2
155.46875,0.381344,1.1432,1.196168,0.008805,3
355.46875,0.103567,1.4432,1.481883,0.013259,3
255.46875,0.270233,1.7432,1.767597,0.017714,3
455.46875,0.4369,0.6032,0.094127,0.022168,0
130.46875,0.159122,0.9032,0.379842,0.026623,0
330.46875,0.325789,1.2032,0.665556,0.031077,0
230.46875,0.492455,1.5032,0.95127,0.035532,1
430.46875,0.017147,1.8032,1.236985,0.039986,1
180.46875,0.183813,0.6632,1.522699,0.044441,1
380.46875,0.35048,0.9632,1.808413,0.048896,2
280.46875,0.072702,1.2632,0.134944,0.004755,2
480.46875,0.239369,1.5632,0.420658,0.00921,2
117.96875,0.406036,1.8632,0.706372,0.013664,2
317.96875,0.128258,0.7232,0.992087,0.018119,3
217.96875,0.294925,1.0232,1.277801,0.022573,3
417.96875,0.461591,1.3232,1.563515,0.027028,3
167.96875,0.035665,1.6232,1.849229,0.031482,0
367.96875,0.202332,1.9232,0.17576,0.035937,0
267.96875,0.368999,0.7832,0.461474,0.040391,0
467.96875,0.091221,1.0832,0.747189,0.044846,1
142.96875,0.257888,1.3832,1.032903,0.049301,1
342.96875,0.424554,1.6832,1.318617,0.00516,1
242.96875,0.146776,1.9832,1.604332,0.009615,2
442.96875,0.313443,0.5552,1.890046,0.014069,2
192.96875,0.48011,0.8552,0.216576,0.018524,2
392.96875,0.054184,1.1552,0.502291,0.022978,3
292.96875,0.22085,1.4552,0.788005,0.027433,3
492.96875,0.387517,1.7552,1.073719,0.031887,3
111.71875,0.109739,0.6152,1.359434,0.036342,3
311.71875,0.276406,0.9152,1.645148,0.040796,0
211.71875,0.443073,1.2152,1.930862,0.045251,0
411.71875,0.165295,1.5152,0.257393,0.049705,0
161.71875,0.331962,1.8152,0.543107,0.001147,1
361.71875,0.498628,0.6752,0.828821,0.005602,1
261.71875,0.001372,0.9752,1.114536,0.010056,1
461.71875,0.168038,1.2752,1.40025,0.014511,2
136.71875,0.334705,1.5752,1.685964,0.018965,2
336.71875,0.056927,1.8752,1.971678,0.02342,2
236.71875,0.223594,0.7352,0.018326,0.027875,3
436.71875,0.390261,1.0352,0.30404,0.032329,3
186.71875,0.112483,1.3352,0.589754,0.036784,3
386.71875,0.27915,1.6352,0.875469,0.041238,3
286.71875,0.445816,1.9352,1.161183,0.045693,0
486.71875,0.01989,0.7952,1.446897,0.001552,0
124.21875,0.186557,1.0952,1.732611,0.006007,0
324.21875,0.353224,1.3952,0.059142,0.010461,1
224.21875,0.075446,1.6952,0.344856,0.014916,1
424.21875,0.242112,1.9952,0.630571,0.01937,1
174.21875,0.408779,0.5096,0.916285,0.023825,2
374.21875,0.131001,0.8096,1.201999,0.028279,2
274.21875,0.297668,1.1096,1.487713,0.032734,2
474.21875,0.464335,1.4096,1.773428,0.037189,3
149.21875,0.038409,1.7096,0.099958,0.041643,3
349.21875,0.205075,0.5696,0.385673,0.046098,3
249.21875,0.371742,0.8696,0.671387,0.001957,3
449.21875,0.093964,1.1696,0.957101,0.006412,0
199.21875,0.260631,1.4696,1.242815,0.010866,0
399.21875,0.427298,1.7696,1.52853,0.015321,0
299.21875,0.14952,0.6296,1.814244,0.019775,0
499.21875,0.316187,0.9296,0.140775,0.02423,1
100.390625,0.482853,1.2296,0.426489,0.028684,1
300.390625,0.007545,1.5296,0.712203,0.033139,1
200.390625,0.174211,1.8296,0.997918,0.037594,2
400.390625,0.340878,0.6896,1.283632,0.042048,2
150.390625,0.0631,0.9896,1.569346,0.046503,2
350.390625,0.229767,1.2896,1.85506,0.002362,3
250.390625,0.396433,1.5896,0.181591,0.006817,3
450.390625,0.118656,1.8896,0.467305,0.011271,3
125.390625,0.285322,0.7496,0.75302,0.015726,0
325.390625,0.451989,1.0496,1.038734,0.02018,0
225.390625,0.026063,1.3496,1.324448,0.024635,0
425.390625,0.19273,1.6496,1.610162,0.029089,0
175.390625,0.359396,1.9496,1.895877,0.033544,1
375.390625,0.081619,0.5216,0.222407,0.037998,1
275.390625,0.248285,0.8216,0.508122,0.042453,1
475.390625,0.414952,1.1216,0.793836,0.046908,2
112.890625,0.137174,1.4216,1.07955,0.002767,2
312.890625,0.303841,1.7216,1.365264,0.007222,2
212.890625,0.470508,0.5816,1.650979,0.011676,3
412.890625,0.044582,0.8816,1.936693,0.016131,3
162.890625,0.211248,1.1816,0.263224,0.020585,3
362.890625,0.377915,1.4816,0.548938,0.02504,0
262.890625,0.100137,1.7816,0.834652,0.029494,0
462.890625,0.266804,0.6416,1.120367,0.033949,0
137.890625,0.433471,0.9416,1.406081,0.038403,0
337.890625,0.155693,1.2416,1.691795,0.042858,1
237.890625,0.322359,1.5416,1.977509,0.047313,1
437.890625,0.489026,1.8416,0.024157,0.003172,1
187.890625,0.013717,0.7016,0.309871,0.007627,2
387.890625,0.180384,1.0016,0.595585,0.012081,2
287.890625,0.347051,1.3016,0.881299,0.016536,2
487.890625,0.069273,1.6016,1.167014,0.02099,3
106.640625,0.23594,1.9016,1.452728,0.025445,3
306.640625,0.402606,0.7616,1.738442,0.029899,3
206.640625,0.124829,1.0616,0.064973,0.034354,0
406.640625,0.291495,1.3616,0.350687,0.038808,0
156.640625,0.458162,1.6616,0.636401,0.043263,0
356.640625,0.032236,1.9616,0.922116,0.047718,0
256.640625,0.198903,0.5336,1.20783,0.003577,1
456.640625,0.365569,0.8336,1.493544,0.008032,1
131.640625,0.087791,1.1336,1.779259,0.012486,1
331.640625,0.254458,1.4336,0.105789,0.016941,2
231.640625,0.421125,1.7336,0.391504,0.021395,2
431.640625,0.143347,0.5936,0.677218,0.02585,2
181.640625,0.310014,0.8936,0.962932,0.030304,3
381.640625,0.47668,1.1936,1.248646,0.034759,3
281.640625,0.050754,1.4936,1.534361,0.039213,3
481.640625,0.217421,1.7936,1.820075,0.043668,0
119.140625,0.384088,0.6536,0.146606,0.048122,0
319.140625,0.10631,0.9536,0.43232,0.003982,0
219.140625,0.272977,1.2536,0.718034,0.008437,1
419.140625,0.439643,1.5536,1.003748,0.012891,1
169.140625,0.161866,1.8536,1.289463,0.017346,1
369.140625,0.328532,0.7136,1.575177,0.0218,1
269.140625,0.495199,1.0136,1.860891,0.026255,2
469.140625,0.003429,1.3136,0.187422,0.030709,2
144.140625,0.170096,1.6136,0.473136,0.035164,2
344.140625,0.336763,1.9136,0.75885,0.039618,3
244.140625,0.058985,0.7736,1.044565,0.044073,3
444.140625,0.225652,1.0736,1.330279,0.048527,3
194.140625,0.392318,1.3736,1.615993,0.004387,0
394.140625,0.11454,1.6736,1.901708,0.008841,0
294.140625,0.281207,1.9736,0.228238,0.013296,0
494.140625,0.447874,0.5456,0.513953,0.017751,1
103.515625,0.021948,0.8456,0.799667,0.022205,1
303.515625,0.188615,1.1456,1.085381,0.02666,1
203.515625,0.355281,1.4456,1.371095,0.031114,1
403.515625,0.077503,1.7456,1.65681,0.035569,2
153.515625,0.24417,0.6056,1.942524,0.040023,2
353.515625,0.410837,0.9056,0.269055,0.044478,2
253.515625,0.133059,1.2056,0.554769,0.048932,3
453.515625,0.299726,1.5056,0.840483,0.004792,3
128.515625,0.466392,1.8056,1.126197,0.009246,3
328.515625,0.040466,0.6656,1.411912,0.013701,0
228.515625,0.207133,0.9656,1.697626,0.018156,0
428.515625,0.3738,1.2656,1.98334,0.02261,0
178.515625,0.096022,1.5656,0.029988,0.027065,1
378.515625,0.262689,1.8656,0.315702,0.031519,1
278.515625,0.429355,0.7256,0.601416,0.035974,1
478.515625,0.151578,1.0256,0.88713,0.040428,1
116.015625,0.318244,1.3256,1.172845,0.044883,2
316.015625,0.484911,1.6256,1.458559,0.049337,2
216.015625,0.009602,1.9256,1.744273,0.005197,2
416.015625,0.176269,0.7856,0.070804,0.009651,3
166.015625,0.342936,1.0856,0.356518,0.014106,3
366.015625,0.065158,1.3856,0.642232,0.01856,3
266.015625,0.231824,1.6856,0.927947,0.023015,0
466.015625,0.398491,1.9856,1.213661,0.02747,0
141.015625,0.120713,0.5576,1.499375,0.031924,0
341.015625,0.28738,0.8576,1.78509,0.036379,1
241.015625,0.454047,1.1576,0.11162,0.040833,1
441.015625,0.028121,1.4576,0.397334,0.045288,1
191.015625,0.194787,1.7576,0.683049,0.049742,2
391.015625,0.361454,0.6176,0.968763,0.001184,2
291.015625,0.083676,0.9176,1.254477,0.005639,2
491.015625,0.250343,1.2176,1.540192,0.010093,2
109.765625,0.41701,1.5176,1.825906,0.014548,3
309.765625,0.139232,1.8176,0.152436,0.019002,3
209.765625,0.305898,0.6776,0.438151,0.023457,3
409.765625,0.472565,0.9776,0.723865,0.027911,0
159.765625,0.046639,1.2776,1.009579,0.032366,0
359.765625,0.213306,1.5776,1.295294,0.03682,0
259.765625,0.379973,1.8776,1.581008,0.041275,1
459.765625,0.102195,0.7376,1.866722,0.04573,1
134.765625,0.268861,1.0376,0.193253,0.001589,1
334.765625,0.435528,1.3376,0.478967,0.006044,2
234.765625,0.15775,1.6376,0.764681,0.010498,2
434.765625,0.324417,1.9376,1.050396,0.014953,2
184.765625,0.491084,0.7976,1.33611,0.019407,2
384.765625,0.015775,1.0976,1.621824,0.023862,3
284.765625,0.182442,1.3976,1.907539,0.028316,3
484.765625,0.349108,1.6976,0.234069,0.032771,3
122.265625,0.071331,1.9976,0.519783,0.037225,0
322.265625,0.237997,0.50048,0.805498,0.04168,0
222.265625,0.404664,0.80048,1.091212,0.046134,0
422.265625,0.126886,1.10048,1.376926,0.001994,1
172.265625,0.293553,1.40048,1.662641,0.006449,1
372.265625,0.460219,1.70048,1.948355,0.010903,1
272.265625,0.034294,0.56048,0.274885,0.015358,2
472.265625,0.20096,0.86048,0.5606,0.019812,2
147.265625,0.367627,1.16048,0.846314,0.024267,2
347.265625,0.089849,1.46048,1.132028,0.028721,2
247.265625,0.256516,1.76048,1.417743,0.033176,3
447.265625,0.423182,0.62048,1.703457,0.03763,3
197.265625,0.145405,0.92048,1.989171,0.042085,3
397.265625,0.312071,1.22048,0.035818,0.046539,0
297.265625,0.478738,1.52048,0.321533,0.002399,0
497.265625,0.052812,1.82048,0.607247,0.006853,0
101.953125,0.219479,0.68048,0.892961,0.011308,1
301.953125,0.386145,0.98048,1.178676,0.015763,1
201.953125,0.108368,1.28048,1.46439,0.020217,1
401.953125,0.275034,1.58048,1.750104,0.024672,2
151.953125,0.441701,1.88048,0.076635,0.029126,2
351.953125,0.163923,0.74048,0.362349,0.033581,2
251.953125,0.33059,1.04048,0.648063,0.038035,3
451.953125,0.497257,1.34048,0.933778,0.04249,3
126.953125,0.005487,1.64048,1.219492,0.046944,3
326.953125,0.172154,1.94048,1.505206,0.002804,3
226.953125,0.33882,0.51248,1.79092,0.007258,0
426.953125,0.061043,0.81248,0.117451,0.011713,0
176.953125,0.227709,1.11248,0.403165,0.016168,0
376.953125,0.394376,1.41248,0.68888,0.020622,1
276.953125,0.116598,1.71248,0.974594,0.025077,1
476.953125,0.283265,0.57248,1.260308,0.029531,1
114.453125,0.449931,0.87248,1.546022,0.033986,2
314.453125,0.024005,1.17248,1.831737,0.03844,2
214.453125,0.190672,1.47248,0.158267,0.042895,2
414.453125,0.357339,1.77248,0.443982,0.047349,3
164.453125,0.079561,0.63248,0.729696,0.003209,3
364.453125,0.246228,0.93248,1.01541,0.007663,3
264.453125,0.412894,1.23248,1.301125,0.012118,3
464.453125,0.135117,1.53248,1.586839,0.016573,0
139.453125,0.301783,1.83248,1.872553,0.021027,0
339.453125,0.46845,0.69248,0.199084,0.025482,0
239.453125,0.042524,0.99248,0.484798,0.029936,1
439.453125,0.209191,1.29248,0.770512,0.034391,1
189.453125,0.375857,1.59248,1.056227,0.038845,1
389.453125,0.09808,1.89248,1.341941,0.0433,2
289.453125,0.264746,0.75248,1.627655,0.047754,2
489.453125,0.431413,1.05248,1.913369,0.003614,2
108.203125,0.153635,1.35248,0.2399,0.008068,3
308.203125,0.320302,1.65248,0.525614,0.012523,3
208.203125,0.486968,1.95248,0.811329,0.016977,3
408.203125,0.01166,0.52448,1.097043,0.021432,3
158.203125,0.178326,0.82448,1.382757,0.025887,0
358.203125,0.344993,1.12448,1.668471,0.030341,0
258.203125,0.067215,1.42448,1.954186,0.034796,0
458.203125,0.233882,1.72448,0.280716,0.03925,0
133.203125,0.400549,0.58448,0.566431,0.043705,1
333.203125,0.122771,0.88448,0.852145,0.048159,1
233.203125,0.289438,1.18448,1.137859,0.004019,1
433.203125,0.456104,1.48448,1.423574,0.008473,2
183.203125,0.030178,1.78448,1.709288,0.012928,2
383.203125,0.196845,0.64448,1.995002,0.017382,2
283.203125,0.363512,0.94448,0.001666,0.021837,3
483.203125,0.085734,1.24448,0.28738,0.026292,3
120.703125,0.252401,1.54448,0.573095,0.030746,3
320.703125,0.419067,1.84448,0.858809,0.035201,0
220.703125,0.141289,0.70448,1.144523,0.039655,0
420.703125,0.307956,1.00448,1.430237,0.04411,0
170.703125,0.474623,1.30448,1.715952,0.048564,0
370.703125,0.048697,1.60448,0.042482,0.004424,1
270.703125,0.215364,1.90448,0.328197,0.008878,1
470.703125,0.38203,0.76448,0.613911,0.013333,1
145.703125,0.104252,1.06448,0.899625,0.017787,2
345.703125,0.270919,1.36448,1.185339,0.022242,2
245.703125,0.437586,1.66448,1.471054,0.026696,2
445.703125,0.159808,1.96448,1.756768,0.031151,3
195.703125,0.326475,0.53648,0.083299,0.035606,3
395.703125,0.493141,0.83648,0.369013,0.04006,3
295.703125,0.017833,1.13648,0.654727,0.044515,0
495.703125,0.184499,1.43648,0.940441,0.048969,0
105.078125,0.351166,1.73648,1.226156,0.004829,0
305.078125,0.073388,0.59648,1.51187,0.009283,0
205.078125,0.240055,0.89648,1.797584,0.013738,1
405.078125,0.406722,1.19648,0.124115,0.018192,1
155.078125,0.128944,1.49648,0.409829,0.022647,1
355.078125,0.29561,1.79648,0.695544,0.027101,2
255.078125,0.462277,0.65648,0.981258,0.031556,2
455.078125,0.036351,0.95648,1.266972,0.036011,2
130.078125,0.203018,1.25648,1.552686,0.040465,3
330.078125,0.369684,1.55648,1.838401,0.04492,3
230.078125,0.091907,1.85648,0.164931,0.049374,3
430.078125,0.258573,0.71648,0.450646,0.005234,0
180.078125,0.42524,1.01648,0.73636,0.009688,0
380.078125,0.147462,1.31648,1.022074,0.014143,0
280.078125,0.314129,1.61648,1.307788,0.018597,1
480.078125,0.480796,1.91648,1.593503,0.023052,1
117.578125,0.05487,0.77648,1.879217,0.027506,1
317.578125,0.221536,1.07648,0.205748,0.031961,1
217.578125,0.388203,1.37648,0.491462,0.036415,2
417.578125,0.110425,1.67648,0.777176,0.04087,2
167.578125,0.277092,1.97648,1.06289,0.045325,2
367.578125,0.443759,0.54848,1.348605,0.049779,3
267.578125,0.165981,0.84848,1.634319,0.001221,3
467.578125,0.332647,1.14848,1.920033,0.005675,3
142.578125,0.499314,1.44848,0.246564,0.01013,0
342.578125,0.000229,1.74848,0.532278,0.014585,0
242.578125,0.166895,0.60848,0.817993,0.019039,0
442.578125,0.333562,0.90848,1.103707,0.023494,1
192.578125,0.055784,1.20848,1.389421,0.027948,1
392.578125,0.222451,1.50848,1.675135,0.032403,1
292.578125,0.389118,1.80848,1.96085,0.036857,1
492.578125,0.11134,0.66848,0.007497,0.041312,2
111.328125,0.278006,0.96848,0.293211,0.045766,2
311.328125,0.444673,1.26848,0.578925,0.001626,2
211.328125,0.018747,1.56848,0.86464,0.00608,3
411.328125,0.185414,1.86848,1.150354,0.010535,3
161.328125,0.35208,0.72848,1.436068,0.014989,3
361.328125,0.074303,1.02848,1.721783,0.019444,0
261.328125,0.240969,1.32848,0.048313,0.023899,0
461.328125,0.407636,1.62848,0.334027,0.028353,0
136.328125,0.129858,1.92848,0.619742,0.032808,1
336.328125,0.296525,0.78848,0.905456,0.037262,1
236.328125,0.463192,1.08848,1.19117,0.041717,1
436.328125,0.037266,1.38848,1.476885,0.046171,1
186.328125,0.203932,1.68848,1.762599,0.002031,2
386.328125,0.370599,1.98848,0.08913,0.006485,2
286.328125,0.092821,0.50288,0.374844,0.01094,2
486.328125,0.259488,0.80288,0.660558,0.015394,3
123.828125,0.426155,1.10288,0.946272,0.019849,3
323.828125,0.148377,1.40288,1.231987,0.024304,3
223.828125,0.315043,1.70288,1.517701,0.028758,0
423.828125,0.48171,0.56288,1.803415,0.033213,0
173.828125,0.006401,0.86288,0.129946,0.037667,0
373.828125,0.173068,1.16288,0.41566,0.042122,1
273.828125,0.339735,1.46288,0.701374,0.046576,1
473.828125,0.061957,1.76288,0.987089,0.002436,1
148.828125,0.228624,0.62288,1.272803,0.00689,1
348.828125,0.39529,0.92288,1.558517,0.011345,2
248.828125,0.117513,1.22288,1.844232,0.015799,2
448.828125,0.284179,1.52288,0.170762,0.020254,2
198.828125,0.450846,1.82288,0.456476,0.024708,3
398.828125,0.02492,0.68288,0.742191,0.029163,3
298.828125,0.191587,0.98288,1.027905,0.033618,3
498.828125,0.358253,1.28288,1.313619,0.038072,0
101.171875,0.080476,1.58288,1.599334,0.042527,0
301.171875,0.247142,1.88288,1.885048,0.046981,0
201.171875,0.413809,0.74288,0.211579,0.002841,1
401.171875,0.136031,1.04288,0.497293,0.007295,1
151.171875,0.302698,1.34288,0.783007,0.01175,1
351.171875,0.469364,1.64288,1.068721,0.016204,2
251.171875,0.043439,1.94288,1.354436,0.020659,2
451.171875,0.210105,0.51488,1.64015,0.025113,2
126.171875,0.376772,0.81488,1.925864,0.029568,2
326.171875,0.098994,1.11488,0.252395,0.034023,3
226.171875,0.265661,1.41488,0.538109,0.038477,3
426.171875,0.432327,1.71488,0.823823,0.042932,3
176.171875,0.15455,0.57488,1.109538,0.047386,0
376.171875,0.321216,0.87488,1.395252,0.003246,0
276.171875,0.487883,1.17488,1.680966,0.0077,0
476.171875,0.012574,1.47488,1.966681,0.012155,1
113.671875,0.179241,1.77488,0.013328,0.016609,1
313.671875,0.345908,0.63488,0.299042,0.021064,1
213.671875,0.06813,0.93488,0.584756,0.025518,2
413.671875,0.234797,1.23488,0.870471,0.029973,2
163.671875,0.401463,1.53488,1.156185,0.034427,2
363.671875,0.123685,1.83488,1.441899,0.038882,2
263.671875,0.290352,0.69488,1.727613,0.043337,3
463.671875,0.457019,0.99488,0.054144,0.047791,3
138.671875,0.031093,1.29488,0.339858,0.003651,3
338.671875,0.197759,1.59488,0.625573,0.008105,0
238.671875,0.364426,1.89488,0.911287,0.01256,0
438.671875,0.086648,0.75488,1.197001,0.017014,0
188.671875,0.253315,1.05488,1.482716,0.021469,1
388.671875,0.419982,1.35488,1.76843,0.025923,1
288.671875,0.142204,1.65488,0.09496,0.030378,1
488.671875,0.308871,1.95488,0.380675,0.034832,2
107.421875,0.475537,0.52688,0.666389,0.039287,2
307.421875,0.049611,0.82688,0.952103,0.043742,2
207.421875,0.216278,1.12688,1.237818,0.048196,2
407.421875,0.382945,1.42688,1.523532,0.004056,3
157.421875,0.105167,1.72688,1.809246,0.00851,3
357.421875,0.271834,0.58688,0.135777,0.012965,3
257.421875,0.4385,0.88688,0.421491,0.017419,0
457.421875,0.160722,1.18688,0.707205,0.021874,0
132.421875,0.327389,1.48688,0.99292,0.026328,0
332.421875,0.494056,1.78688,1.278634,0.030783,1
232.421875,0.002286,0.64688,1.564348,0.035237,1
432.421875,0.168953,0.94688,1.850062,0.039692,1
182.421875,0.33562,1.24688,0.176593,0.044147,2
382.421875,0.057842,1.54688,0.462307,0.048601,2
282.421875,0.224508,1.84688,0.748022,0.004461,2
482.421875,0.391175,0.70688,1.033736,0.008915,3
119.921875,0.113397,1.00688,1.31945,0.01337,3
319.921875,0.280064,1.30688,1.605165,0.017824,3
219.921875,0.446731,1.60688,1.890879,0.022279,3
419.921875,0.020805,1.90688,0.217409,0.026733,0
169.921875,0.187471,0.76688,0.503124,0.031188,0
369.921875,0.354138,1.06688,0.788838,0.035642,0
269.921875,0.07636,1.36688,1.074552,0.040097,1
469.921875,0.243027,1.66688,1.360267,0.044551,1
144.921875,0.409694,1.96688,1.645981,0.049006,1
344.921875,0.131916,0.53888,1.931695,0.004866,2
244.921875,0.298583,0.83888,0.258226,0.00932,2
444.921875,0.465249,1.13888,0.54394,0.013775,2
194.921875,0.039323,1.43888,0.829654,0.018229,3
394.921875,0.20599,1.73888,1.115369,0.022684,3
294.921875,0.372657,0.59888,1.401083,0.027138,3
494.921875,0.094879,0.89888,1.686797,0.031593,3
104.296875,0.261545,1.19888,1.972511,0.036047,0
304.296875,0.428212,1.49888,0.019159,0.040502,0
204.296875,0.150434,1.79888,0.304873,0.044956,0
404.296875,0.317101,0.65888,0.590587,0.049411,1
154.296875,0.483768,0.95888,0.876302,0.00527,1
354.296875,0.008459,1.25888,1.162016,0.009725,1
254.296875,0.175126,1.55888,1.44773,0.01418,2
454.296875,0.341792,1.85888,1.733444,0.018634,2
129.296875,0.064015,0.71888,0.059975,0.023089,2
329.296875,0.230681,1.01888,0.345689,0.027543,3
229.296875,0.397348,1.31888,0.631404,0.031998,3
429.296875,0.11957,1.61888,0.917118,0.036452,3
179.296875,0.286237,1.91888,1.202832,0.040907,3
379.296875,0.452904,0.77888,1.488546,0.045361,0
279.296875,0.026978,1.07888,1.774261,0.049816,0
479.296875,0.193644,1.37888,0.100791,0.001258,0
116.796875,0.360311,1.67888,0.386506,0.005712,0
316.796875,0.082533,1.97888,0.67222,0.010167,1
216.796875,0.2492,0.55088,0.957934,0.014621,1
416.796875,0.415866,0.85088,1.243648,0.019076,1
166.796875,0.138089,1.15088,1.529363,0.02353,2
366.796875,0.304755,1.45088,1.815077,0.027985,2
266.796875,0.471422,1.75088,0.141608,0.03244,2
466.796875,0.045496,0.61088,0.427322,0.036894,3
141.796875,0.212163,0.91088,0.713036,0.041349,3
341.796875,0.378829,1.21088,0.998751,0.045803,3
241.796875,0.101052,1.51088,1.284465,0.001663,0
441.796875,0.267718,1.81088,1.570179,0.006117,0
191.796875,0.434385,0.67088,1.855893,0.010572,0
391.796875,0.156607,0.97088,0.182424,0.015026,0
291.796875,0.323274,1.27088,0.468138,0.019481,1
491.796875,0.489941,1.57088,0.753853,0.023935,1
110.546875,0.014632,1.87088,1.039567,0.02839,1
310.546875,0.181299,0.73088,1.325281,0.032844,2
210.546875,0.347965,1.03088,1.610995,0.037299,2
410.546875,0.070187,1.33088,1.89671,0.041754,2
160.546875,0.236854,1.63088,0.22324,0.046208,3
360.546875,0.403521,1.93088,0.508955,0.002068,3
260.546875,0.125743,0.79088,0.794669,0.006522,3
460.546875,0.29241,1.09088,1.080383,0.010977,0
135.546875,0.459076,1.39088,1.366097,0.015431,0
335.546875,0.03315,1.69088,1.651812,0.019886,0
235.546875,0.199817,1.99088,1.937526,0.02434,0
435.546875,0.366484,0.50528,0.264057,0.028795,1
185.546875,0.088706,0.80528,0.549771,0.033249,1
385.546875,0.255373,1.10528,0.835485,0.037704,1
285.546875,0.422039,1.40528,1.1212,0.042159,2
485.546875,0.144262,1.70528,1.406914,0.046613,2
123.046875,0.310928,0.56528,1.692628,0.002473,2
323.046875,0.477595,0.86528,1.978342,0.006927,3
223.046875,0.051669,1.16528,0.02499,0.011382,3
423.046875,0.218336,1.46528,0.310704,0.015836,3
173.046875,0.385002,1.76528,0.596418,0.020291,0
373.046875,0.107225,0.62528,0.882132,0.024745,0
273.046875,0.273891,0.92528,1.167847,0.0292,0
473.046875,0.440558,1.22528,1.453561,0.033654,1
148.046875,0.16278,1.52528,1.739275,0.038109,1
348.046875,0.329447,1.82528,0.065806,0.042563,1
248.046875,0.496113,0.68528,0.35152,0.047018,1
448.046875,0.004344,0.98528,0.637234,0.002878,2
198.046875,0.171011,1.28528,0.922949,0.007332,2
398.046875,0.337677,1.58528,1.208663,0.011787,2
298.046875,0.059899,1.88528,1.494377,0.016241,3
498.046875,0.226566,0.74528,1.780092,0.020696,3
102.734375,0.393233,1.04528,0.106622,0.02515,3
302.734375,0.115455,1.34528,0.392337,0.029605,0
202.734375,0.282122,1.64528,0.678051,0.034059,0
402.734375,0.448788,1.94528,0.963765,0.038514,0
152.734375,0.022862,0.51728,1.249479,0.042968,1
352.734375,0.189529,0.81728,1.535194,0.047423,1
252.734375,0.356196,1.11728,1.820908,0.003282,1
452.734375,0.078418,1.41728,0.147439,0.007737,1
127.734375,0.245085,1.71728,0.433153,0.012192,2
327.734375,0.411751,0.57728,0.718867,0.016646,2
227.734375,0.133973,0.87728,1.004581,0.021101,2
427.734375,0.30064,1.17728,1.290296,0.025555,3
177.734375,0.467307,1.47728,1.57601,0.03001,3
377.734375,0.041381,1.77728,1.861724,0.034464,3
277.734375,0.208048,0.63728,0.188255,0.038919,0
477.734375,0.374714,0.93728,0.473969,0.043373,0
115.234375,0.096936,1.23728,0.759683,0.047828,0
315.234375,0.263603,1.53728,1.045398,0.003687,1
215.234375,0.43027,1.83728,1.331112,0.008142,1
415.234375,0.152492,0.69728,1.616826,0.012597,1
165.234375,0.319159,0.99728,1.902541,0.017051,1
365.234375,0.485825,1.29728,0.229071,0.021506,2
265.234375,0.010517,1.59728,0.514786,0.02596,2
465.234375,0.177183,1.89728,0.8005,0.030415,2
140.234375,0.34385,0.75728,1.086214,0.034869,3
340.234375,0.066072,1.05728,1.371928,0.039324,3
240.234375,0.232739,1.35728,1.657643,0.043778,3
440.234375,0.399406,1.65728,1.943357,0.048233,0
190.234375,0.121628,1.95728,0.269888,0.004092,0
390.234375,0.288294,0.52928,0.555602,0.008547,0
290.234375,0.454961,0.82928,0.841316,0.013002,1
490.234375,0.029035,1.12928,1.12703,0.017456,1
108.984375,0.195702,1.42928,1.412745,0.021911,1
308.984375,0.362369,1.72928,1.698459,0.026365,1
208.984375,0.084591,0.58928,1.984173,0.03082,2
408.984375,0.251257,0.88928,0.03082,0.035274,2
158.984375,0.417924,1.18928,0.316535,0.039729,2
358.984375,0.140146,1.48928,0.602249,0.044183,3
258.984375,0.306813,1.78928,0.887963,0.048638,3
458.984375,0.47348,0.64928,1.173678,0.004497,3
133.984375,0.047554,0.94928,1.459392,0.008952,0
333.984375,0.21422,1.24928,1.745106,0.013406,0
233.984375,0.380887,1.54928,0.071637,0.017861,0
433.984375,0.103109,1.84928,0.357351,0.022316,1
183.984375,0.269776,0.70928,0.643065,0.02677,1
383.984375,0.436443,1.00928,0.92878,0.031225,1
283.984375,0.158665,1.30928,1.214494,0.035679,2
483.984375,0.325332,1.60928,1.500208,0.040134,2
121.484375,0.491998,1.90928,1.785923,0.044588,2
321.484375,0.01669,0.76928,0.112453,0.049043,2
221.484375,0.183356,1.06928,0.398167,0.004902,3
421.484375,0.350023,1.36928,0.683882,0.009357,3
171.484375,0.072245,1.66928,0.969596,0.013811,3
371.484375,0.238912,1.96928,1.25531,0.018266,0
271.484375,0.405578,0.54128,1.541025,0.022721,0
471.484375,0.127801,0.84128,1.826739,0.027175,0
146.484375,0.294467,1.14128,0.153269,0.03163,1
346.484375,0.461134,1.44128,0.438984,0.036084,1
246.484375,0.035208,1.74128,0.724698,0.040539,1
446.484375,0.201875,0.60128,1.010412,0.044993,2
196.484375,0.368541,0.90128,1.296127,0.049448,2
396.484375,0.090764,1.20128,1.581841,0.005307,2
296.484375,0.25743,1.50128,1.867555,0.009762,2
496.484375,0.424097,1.80128,0.194086,0.014216,3
105.859375,0.146319,0.66128,0.4798,0.018671,3
305.859375,0.312986,0.96128,0.765514,0.023125,3
205.859375,0.479652,1.26128,1.051229,0.02758,0
405.859375,0.053727,1.56128,1.336943,0.032035,0
155.859375,0.220393,1.86128,1.622657,0.036489,0
355.859375,0.38706,0.72128,1.908372,0.040944,1
255.859375,0.109282,1.02128,0.234902,0.045398,1
455.859375,0.275949,1.32128,0.520616,0.049853,1
130.859375,0.442615,1.62128,0.806331,0.001295,2
330.859375,0.164838,1.92128,1.092045,0.005749,2
230.859375,0.331504,0.78128,1.377759,0.010204,2
430.859375,0.498171,1.08128,1.663474,0.014658,2
180.859375,0.000914,1.38128,1.949188,0.019113,3
380.859375,0.167581,1.68128,0.275718,0.023567,3
280.859375,0.334248,1.98128,0.561433,0.028022,3
480.859375,0.05647,0.55328,0.847147,0.032476,0
118.359375,0.223137,0.85328,1.132861,0.036931,0
318.359375,0.389803,1.15328,1.418576,0.041385,0
218.359375,0.112026,1.45328,1.70429,0.04584,1
418.359375,0.278692,1.75328,1.990004,0.001699,1
168.359375,0.445359,0.61328,0.036651,0.006154,1
368.359375,0.019433,0.91328,0.322366,0.010609,2
268.359375,0.1861,1.21328,0.60808,0.015063,2
468.359375,0.352766,1.51328,0.893794,0.019518,2
143.359375,0.074989,1.81328,1.179509,0.023972,3
343.359375,0.241655,0.67328,1.465223,0.028427,3
243.359375,0.408322,0.97328,1.750937,0.032881,3
443.359375,0.130544,1.27328,0.077468,0.037336,3
193.359375,0.297211,1.57328,0.363182,0.04179,0
393.359375,0.463877,1.87328,0.648896,0.046245,0
293.359375,0.037952,0.73328,0.934611,0.002104,0
493.359375,0.204618,1.03328,1.220325,0.006559,1
112.109375,0.371285,1.33328,1.506039,0.011014,1
312.109375,0.093507,1.63328,1.791753,0.015468,1
212.109375,0.260174,1.93328,0.118284,0.019923,2
412.109375,0.42684,0.79328,0.403998,0.024377,2
162.109375,0.149063,1.09328,0.689713,0.028832,2
362.109375,0.315729,1.39328,0.975427,0.033286,3
262.109375,0.482396,1.69328,1.261141,0.037741,3
462.109375,0.007087,1.99328,1.546855,0.042195,3
137.109375,0.173754,0.50768,1.83257,0.04665,3
