问题,数据集,N,X连通,Y连通,Z连通,边数,分量数,最大簇,r_eff均值
Q1,组1_场景A,12,0,0,0,15,1,12,375.0
Q1,组1_场景B,12,0,0,0,16,3,7,356.6
Q1,组2_场景A,49,0,0,0,8,27,6,375.0
Q1,组2_场景B,49,0,0,0,8,16,7,375.0
Q1,组3_场景A,535,0,1,1,393,22,42,264.5
Q1,组3_场景B,535,1,1,1,413,12,88,264.3

Q3 Sobol结果,S1,ST,交互,OAT
mu_r,0.08,1.0,0.959,0.137
CV_r,0.054,0.96,0.965,0.087
s,0.062,0.934,0.949,0.192
alpha,0.069,0.903,0.929,0.037
phi,0.854,0.877,0.102,0.35
strategy,0.035,0.442,0.495,0.097

Q4 TOPSIS推荐,N,mu_r,cv_r,s,strategy,P_conn,phi,E/E0
推荐方案,206,293,0.0,1.94,1,0.9086,0.022,0.957
